r,a,aprime,theta,sigma
3.000000,0.031967,0.058447,44.843010,0.159155
6.000000,0.043722,0.020455,26.069660,0.079577
9.000000,0.059484,0.012196,16.140596,0.053052
12.000000,0.077137,0.008698,10.367622,0.039789
15.000000,0.096174,0.006756,6.659108,0.031831
18.000000,0.116494,0.005514,4.088882,0.026526
21.000000,0.138162,0.004646,2.202966,0.022736
24.000000,0.161355,0.004004,0.756461,0.019894
27.000000,0.186359,0.003507,-0.393732,0.017684
30.000000,0.213613,0.003109,-1.337184,0.015915
